[
{
	"id": "1",
	"category": "Sedan",
	"availability": "True",
	"brand": "Toyota",
	"model": "Camry",
	"modelYear": "2013",
	"mileage": "853664",
	"fuelType": "Petrol",
	"seats": "5",
	"pricePerDay": "120",
	"description": "In the world of midsized sedans, the Camry ranks among the best, thanks to its comfortable ride, quiet cabin, good fuel economy, and easy-to-use controls.",
	"images" : "Camry.jpg"
	
},
{
	"id": "2",
	"category": "SUV",
	"availability": "True",
	"brand": "Nissan",
	"model": "X-Trail",
	"modelYear": "2015",
	"mileage": "36782",
	"fuelType": "Petrol",
	"seats": "7",
	"pricePerDay": "360",
	"description": "X-Trail makes a great all-round family car, with real utility and the ability to cope on bad roads and poor weather – few owners will need four-wheel drive and the extra costs it brings.",
	"images" : "X-trail.jpg"
	
},
{
	"id": "3",
	"category": "SUV",
	"availability": "False",
	"brand": "Volkswagen",
	"model": "Golf",
	"modelYear": "2017",
	"mileage": "13586",
	"fuelType": "CNG",
	"seats": "5",
	"pricePerDay": "180",
	"description": "The Volkswagen Golf is a hatchback that has more cargo space than nearly every other car in the class. It also offers more space than some subcompact SUVs .",
	"images" : "Golf.jpg"
},
{
	"id": "4",
	"category": "Sedan",
	"availability": "True",
	"brand": "Honda",
	"model": "Civic",
	"modelYear": "2018",
	"mileage": "9586",
	"fuelType": "Petrol",
	"seats": "5",
	"pricePerDay": "220",
	"description": "Honda Civic is a good compact car . Kicking off the model's 11th generation, the 2022 Civic builds on everything that has made this vehicle one of the most popular small cars around.",
	"images" : "Civic.jpg"
},
{
	"id": "5",
	"category": "Sedan",
	"availability": "True",
	"brand": "BMW",
	"model": "320i",
	"modelYear": "2006",
	"mileage": "115884",
	"fuelType": "Petrol",
	"seats": "5",
	"pricePerDay": "280",
	"description": "BMW's 320i has long been a popular entry-level prestige machine and, with its good looks, build quality, and engineering, it's not hard to see why it is become a great car to be choosed.",
	"images" : "320i.jpg"
},
{
	"id": "6",
	"category": "Wagon",
	"availability": "True",
	"brand": "Mercedes-Benz",
	"model": "GLC",
	"modelYear": "2018",
	"mileage": "89807",
	"fuelType": "Petrol",
	"seats": "5",
	"pricePerDay": "110",
	"description": "The Mercedes-Benz GLC-Class (X253/C253) is a compact luxury crossover SUV introduced in 2015 for the 2016 model year that replaces the GLK-Class.",
	"images" : "GLC.jpg"
},
{
	"id": "7",
	"category": "SUV",
	"availability": "False",
	"brand": "Holden",
	"model": "Captiva",
	"modelYear": "2010",
	"mileage": "58609",
	"fuelType": "Petrol",
	"seats": "7",
	"pricePerDay": "90",
	"description": "The Holden Captiva is a crossover SUV that was produced by GM Korea (previously known as Daewoo). The car was sold in Australia and New Zealand under the Holden brand.",
	"images" : "Captiva.jpg"
},
{
	"id": "8",
	"category": "SUV",
	"availability": "True",
	"brand": "Suzuki",
	"model": "Jimny",
	"modelYear": "2020",
	"mileage": "64940",
	"fuelType": "Petrol",
	"seats": "4",
	"pricePerDay": "140",
	"description": "Why is the Jimny so popular? The Suzuki Jimny has high ground clearance and, as standard, a proper selectable four-wheel drive system with low-ratio transfer.",
	"images" : "Jimny.jpg"
	
},
{
	"id": "9",
	"category": "SUV",
	"availability": "True",
	"brand": "Jeep",
	"model": "Cherokee",
	"modelYear": "2014",
	"mileage": "73677",
	"fuelType": "Petrol",
	"seats": "5",
	"pricePerDay": "70",
	"description": "The Cherokee Indians have the distinct physical characteristics associated with Native Americans. This includes high cheekbones, a bent nose, reddish brown skin tone and coarse.",
	"images" : "Cherokee.jpg"
},
{
	"id": "10",
	"category": "SUV",
	"availability": "False",
	"brand": "Hyundai",
	"model": "Sonata",
	"modelYear": "2018",
	"mileage": "99050",
	"fuelType": "Petrol",
	"seats": "5",
	"pricePerDay": "140",
	"description": "Hyundai Sonata is a good car. Its powertrains are a bit underwhelming, except for the N Line's potent turbo-four, and rivals are more fun to drive.",
	"images" : "Sonata.jpg"
}
]