{"filter":false,"title":"cars.json","tooltip":"/cars.json","undoManager":{"mark":-1,"position":-1,"stack":[[{"start":{"row":77,"column":23},"end":{"row":77,"column":24},"action":"remove","lines":["z"],"id":2},{"start":{"row":77,"column":22},"end":{"row":77,"column":23},"action":"remove","lines":["n"]},{"start":{"row":77,"column":21},"end":{"row":77,"column":22},"action":"remove","lines":["e"]},{"start":{"row":77,"column":20},"end":{"row":77,"column":21},"action":"remove","lines":["B"]},{"start":{"row":77,"column":19},"end":{"row":77,"column":20},"action":"remove","lines":["-"]}]]},"ace":{"folds":[],"scrolltop":750,"scrollleft":0,"selection":{"start":{"row":77,"column":19},"end":{"row":77,"column":24},"isBackwards":false},"options":{"guessTabSize":true,"useWrapMode":false,"wrapToView":true},"firstLineState":{"row":52,"state":"start","mode":"ace/mode/json"}},"timestamp":1653809554498,"hash":"2e91b0742bbd2cdccab1b27947d0abe8a23bbdf4"}